mysql> use vaishna;
Database changed
mysql> create table student1(rno1 integer,name1 varchar(20),class1 varchar(20));
Query OK, 0 rows affected (0.02 sec)

mysql> insert into student1 values(1,'abc','sy');
Query OK, 1 row affected (0.01 sec)

mysql> insert into student1 values(2,'def','sy');
Query OK, 1 row affected (0.00 sec)

mysql> insert into student1 values(3,'ghi','fy');
Query OK, 1 row affected (0.00 sec)

mysql> insert into student1 values(4,'jkl','ty');
Query OK, 1 row affected (0.00 sec)

mysql> insert into student1 values(5,'mno','ty');
Query OK, 1 row affected (0.00 sec)

mysql>
mysql> select * from student1;
+------+-------+--------+
| rno1 | name1 | class1 |
+------+-------+--------+
|    1 | abc   | sy     |
|    2 | def   | sy     |
|    3 | ghi   | fy     |
|    4 | jkl   | ty     |
|    5 | mno   | ty     |
+------+-------+--------+
5 rows in set (0.00 sec)
mysql> create table student2(rno2 integer,name2 varchar(20),class2 varchar(20));
Query OK, 0 rows affected (0.02 sec)
mysql> delimiter //
mysql> create procedure proc_copy1()
    -> begin
    -> declare vfinished int default 0;
    -> declare r int;
    -> declare n varchar(20);
    -> declare c varchar(20);
    -> declare studcursor cursor for select * from student1;
    -> declare continue handler for NOT FOUND set vfinished=1;
    -> open studcursor;
    -> getdata:loop
    -> fetch studcursor into r,n,c;
    -> if vfinished=1 then
    -> leave getdata;
    -> end if;
    -> insert into student2 values(r,n,c);
    -> end loop getdata;
    -> end
    -> //
Query OK, 0 rows affected (0.01 sec)
mysql> call proc_copy1();
    -> //
Query OK, 0 rows affected (0.02 sec)

mysql> select * from student2;
    -> //
+------+-------+--------+
| rno2 | name2 | class2 |
+------+-------+--------+
|    1 | abc   | sy     |
|    2 | def   | sy     |
|    3 | ghi   | fy     |
|    4 | jkl   | ty     |
|    5 | mno   | ty     |
+------+-------+--------+
5 rows in set (0.00 sec)

mysql>
